{"cameraMode":{"drawMode":0,"name":"Shaded","section":"Shading Mode"},"sceneLighting":true,"audioPlay":false,"sceneViewState":{"m_AlwaysRefresh":false,"showFog":true,"showSkybox":true,"showFlares":true,"showImageEffects":true,"showParticleSystems":true,"showVisualEffectGraphs":true,"m_FxEnabled":true},"in2DMode":false,"pivot":{"x":0.18287181854248048,"y":5.925261974334717,"z":-1.2550010681152344},"rotation":{"x":0.0026318340096622707,"y":-0.20933908224105836,"z":-0.0005591150256805122,"w":-0.9778280854225159},"size":12.426529884338379,"orthographic":false}