{"cameraMode":{"drawMode":0,"name":"Shaded","section":"Shading Mode"},"sceneLighting":true,"audioPlay":false,"sceneViewState":{"m_AlwaysRefresh":false,"showFog":true,"showSkybox":true,"showFlares":true,"showImageEffects":true,"showParticleSystems":true,"showVisualEffectGraphs":true,"m_FxEnabled":true},"in2DMode":false,"pivot":{"x":20.141328811645509,"y":-40.00929260253906,"z":91.59432220458985},"rotation":{"x":0.20460976660251618,"y":0.10608332604169846,"z":-0.022318849340081216,"w":0.9728028178215027},"size":60.33059310913086,"orthographic":false}